<?xml version="1.0" encoding="UTF-8" ?>
<c3p0-config>
    <named-config name="sd_pj">

        <property name="user">root</property>
        <property name="password">123456</property>
        <property name="driverClass">com.mysql.cj.jdbc.Driver</property>
        <property name="jdbcUrl">jdbc:mysql:///test</property>

        <property name="acquireIncrement">10</property>
        <property name="initialPoolSize">20</property>
        <property name="minPoolSize">20</property>
        <property name="maxPoolSize">1000</property>

        <property name="maxStatements">0</property>
        <property name="maxStatementsPerConnection">5</property>

    </named-config>
</c3p0-config>